"Taxa","varImp"
"Staphylococcus",359.605779794845
"Pseudomonas",204.65904545422
"Bacillus",16.8007159622606
"Streptococcus",16.2639315835205
"Pasteurella",2.18736677662517
"Malassezia",1.40495109169996
"Clostridium",1.24136195138178
"Aspergillus",0.984256708427191
"Halomonas",0.353819136381552
"Lactobacillus",0.295546799813606
"Streptomyces",0.154097564203997
