"Taxa","varImp"
"Pseudomonas",557.51189522969
"Aspergillus",41.9689095768738
"Burkholderia",35.8192651105496
"Malassezia",0.337223519112527
"Lactobacillus",0.24234246564711
"Bacillus",0.0666085185017666
"Streptococcus",0.00482734162817119
"Clostridium",0.00417632787279079
"Halomonas",0.000807993037179782
"Streptomyces",0.00017945236327894
