"Taxa","varImp"
"Staphylococcus",242.90694308282
"Pseudomonas",198.596050356593
"Streptococcus",101.954187411774
"Bacillus",33.4523061804242
"Corynebacterium",18.5237498943874
"Chryseobacterium",11.3573575320036
"Clostridium",10.1294619335791
"Pasteurella",8.97435695662788
"Stenotrophomonas",4.95791945447551
"Gammaretrovirus",3.14451109576587
"Aspergillus",2.56507619307938
"Malassezia",0.675281439891371
"Halomonas",0.159969502744919
