"Taxa","varImp"
"Bacillus",392.732384652746
"Staphylococcus",149.61538087154
"Pseudomonas",35.82097843683
"Streptococcus",9.4442436128347
"Pasteurella",5.99467999679633
"Halomonas",5.40129306778549
"Malassezia",2.30656943955878
"Clostridium",1.89221360319422
"Streptomyces",1.49007552357434
"Aspergillus",1.25936095765249
"Lactobacillus",0.0292497360586283
