"Taxa","varImp"
"Streptomyces",185.982287660931
"Pseudomonas",135.982627025101
"Bacillus",135.253813131674
"Halomonas",106.564228017648
"Aspergillus",37.3693616955839
"Burkholderia",34.5259017377889
"Pasteurella",0.811338604839038
"Malassezia",0.427212334099255
"Lactobacillus",0.147652412561417
"Streptococcus",0.0752164017901623
"Clostridium",0.0509113748807299
"Staphylococcus",0.0118734129007574
"Fusarium",0.00232665996868628
